{
  "accuracy": 0.8688709182106664,
  "precision": 0.8034383954154728,
  "recall": 0.5991452991452991,
  "f1-score": 0.6864137086903305,
  "ROC-AUC": 0.9247666513651169,
  "PR-AUC": 0.8210543916119971
}